<?xml version="1.0" encoding="UTF-8"?>
<project-private xmlns="http://www.netbeans.org/ns/project-private/1">
    <editor-bookmarks xmlns="http://www.netbeans.org/ns/editor-bookmarks/2" lastBookmarkId="0"/>
    <open-files xmlns="http://www.netbeans.org/ns/projectui-open-files/2">
        <group>
            <file>file:/C:/Users/yael/Downloads/Banco-master-V2/Banco-master/src/VistaCajero/Ingresar.java</file>
            <file>file:/C:/Users/yael/Downloads/Banco-master-V2/Banco-master/src/Vista/MenuModificado.java</file>
            <file>file:/C:/Users/yael/Downloads/Banco-master-V2/Banco-master/src/VistaCajero/Movimiento.java</file>
            <file>file:/C:/Users/yael/Downloads/Banco-master-V2/Banco-master/src/VistaCajero/Pagar.java</file>
        </group>
    </open-files>
</project-private>
